vgps_id,name,raw_label,canonical_category,strategic_bucket,chain_brand,score,tier,weburl,listing_url
54009,533 Viet Fusion,EAT & DRINK,Dining,Dining,false,7,A,https://www.533vietfusion.com/,https://www.visitgreaterpalmsprings.com/listing/533-viet-fusion/54009/
55162,533 Viet Fusion,WEDDINGS,Weddings,Meetings & Events,false,7,A,https://www.533vietfusion.com/,https://www.visitgreaterpalmsprings.com/listing/533-viet-fusion/55162/
55166,533 Viet Fusion,GROUP VENUES,Group Venues,Meetings & Events,false,7,A,https://www.533vietfusion.com/,https://www.visitgreaterpalmsprings.com/listing/533-viet-fusion/55166/
28968,"Ace Transportation, Inc.",GETTING HERE & AROUND,Transportation,Mobility,false,7,A,https://www.acerides.com,https://www.visitgreaterpalmsprings.com/listing/ace-transportation-inc/28968/
34110,"Ace Transportation, Inc.",MEETING & EVENT RESOURCES,Meeting Resources,Meetings & Events,false,7,A,https://www.acerides.com,https://www.visitgreaterpalmsprings.com/listing/ace-transportation-inc/34110/
33163,29 Palms Artist Gallery,THINGS TO DO,Activities,Experiences,false,6,B,https://www.29palmsartgallery.com,https://www.visitgreaterpalmsprings.com/listing/29-palms-artist-gallery/33163/
16863,7 Springs Inn & Suites,STAY,Lodging,Lodging,false,6,B,https://www.7-springs.com,https://www.visitgreaterpalmsprings.com/listing/7-springs-inn-%26-suites/16863/
35839,7 Springs Inn & Suites,STAY,Lodging,Lodging,false,6,B,https://www.7-springs.com,https://www.visitgreaterpalmsprings.com/listing/7-springs-inn-%26-suites/35839/
43472,A Nights Inn,PLACES TO STAY,Lodging,Lodging,false,6,B,https://www.anightsinnridgecrest.us/,https://www.visitgreaterpalmsprings.com/listing/a-nights-inn/43472/
48602,A. Picardo Arts - Anthony Picardo,ARTS & CULTURE,Arts & Culture,Experiences,false,6,B,https://www.apicardo.com/,https://www.visitgreaterpalmsprings.com/listing/a-picardo-arts-anthony-picardo/48602/
54656,A to Z Transportation,GETTING HERE & AROUND,Transportation,Mobility,false,6,B,https://atoztransportations.com/,https://www.visitgreaterpalmsprings.com/listing/a-to-z-transportation/54656/
34128,AcQPoint Wellness Center,,(uncategorized),(uncategorized),false,6,B,https://acqpoint.com/,https://www.visitgreaterpalmsprings.com/listing/acqpoint-wellness-center/34128/
33164,29 Palms Creative Center and Gallery,THINGS TO DO,Activities,Experiences,false,5,B,http://www.29palmsart.com/,https://www.visitgreaterpalmsprings.com/listing/29-palms-creative-center-and-gallery/33164/
33465,29 Palms Inn,PLACES TO STAY,Lodging,Lodging,false,5,B,https://www.29palmsinn.com,https://www.visitgreaterpalmsprings.com/listing/29-palms-inn/33465/
61289,A to Z Desert Mercantile,SHOPPING,Shopping,Retail & Services,false,5,B,https://covetps.com/pages/a-to-z-desert-mercantile,https://www.visitgreaterpalmsprings.com/listing/a-to-z-desert-mercantile/61289/
54678,Aaron Allen Art Studio,ARTS & CULTURE,Arts & Culture,Experiences,false,5,B,https://www.aaronallenart.org/,https://www.visitgreaterpalmsprings.com/listing/aaron-allen-art-studio/54678/
21185,Ace Hotel & Swim Club,STAY,Lodging,Lodging,true,5,B,https://www.acehotel.com/palmsprings,https://www.visitgreaterpalmsprings.com/listing/ace-hotel-%26-swim-club/21185/
25824,Ace Hotel & Swim Club,GROUP VENUES,Group Venues,Meetings & Events,true,5,B,https://www.acehotel.com/palmsprings,https://www.visitgreaterpalmsprings.com/listing/ace-hotel-%26-swim-club/25824/
28315,Ace Hotel & Swim Club,WEDDINGS,Weddings,Meetings & Events,true,5,B,https://www.acehotel.com/palmsprings,https://www.visitgreaterpalmsprings.com/listing/ace-hotel-%26-swim-club/28315/
45332,Acrisure Arena,GROUP VENUES,Group Venues,Meetings & Events,false,5,B,https://acrisurearena.com/,https://www.visitgreaterpalmsprings.com/listing/acrisure-arena/45332/
45333,Acrisure Arena,MEETING & EVENT RESOURCES,Meeting Resources,Meetings & Events,false,5,B,https://acrisurearena.com/,https://www.visitgreaterpalmsprings.com/listing/acrisure-arena/45333/
35307,Élan Vital Studio,ARTS & CULTURE,Arts & Culture,Experiences,false,4,B,https://elanvitalgalleries.com/,https://www.visitgreaterpalmsprings.com/listing/%c3%89lan-vital-studio/35307/
33048,4 Saints at Kimpton Rowan Palm Springs Hotel,EAT & DRINK,Dining,Dining,false,4,B,https://www.4saintspalmsprings.com/,https://www.visitgreaterpalmsprings.com/listing/4-saints-at-kimpton-rowan-palm-springs-hotel/33048/
59804,85°C Bakery Cafe,EAT & DRINK,Dining,Dining,true,4,B,https://www.85cbakerycafe.com/,https://www.visitgreaterpalmsprings.com/listing/85%c2%b0c-bakery-cafe/59804/
54533,9 1/2 Bar & Kitchen,EAT & DRINK,Dining,Dining,false,4,B,https://di71.com/dining/,https://www.visitgreaterpalmsprings.com/listing/9-1-2-bar-%26-kitchen/54533/
13183,A New Team,MEETING & EVENT RESOURCES,Meeting Resources,Meetings & Events,false,4,B,https://www.anewteam.com,https://www.visitgreaterpalmsprings.com/listing/a-new-team/13183/
16854,A Place In The Sun Garden Hotel,STAY,Lodging,Lodging,false,4,B,https://www.aplaceinthesunhotel.com,https://www.visitgreaterpalmsprings.com/listing/a-place-in-the-sun-garden-hotel/16854/
14823,A Streetcar Named Design,BUSINESS & PROFESSIONAL SERVICES,Professional Services,Retail & Services,false,4,B,https://www.astreetcar.com,https://www.visitgreaterpalmsprings.com/listing/a-streetcar-named-design/14823/
58854,Academy of Musical Performance,MEETING & EVENT RESOURCES,Meeting Resources,Meetings & Events,false,4,B,https://ampcv.org/,https://www.visitgreaterpalmsprings.com/listing/academy-of-musical-performance/58854/
56319,Acai Oasis,EAT & DRINK,Dining,Dining,false,4,B,https://acaioasis.com/,https://www.visitgreaterpalmsprings.com/listing/acai-oasis/56319/
54780,Acres Landing,STAY,Lodging,Lodging,false,4,B,https://www.acreslanding.com/,https://www.visitgreaterpalmsprings.com/listing/acres-landing/54780/
54137,262 Rooftop Bar & Grill,EAT & DRINK,Dining,Dining,false,3,C,https://www.rooftop262.com/,https://www.visitgreaterpalmsprings.com/listing/262-rooftop-bar-%26-grill/54137/
29501,849EVENTS,MEETING & EVENT RESOURCES,Meeting Resources,Meetings & Events,false,3,C,https://849events.com,https://www.visitgreaterpalmsprings.com/listing/849events/29501/
34969,A Gallery Fine Art,SHOPPING,Shopping,Retail & Services,false,3,C,https://www.agalleryfineart.com/homepage.html,https://www.visitgreaterpalmsprings.com/listing/a-gallery-fine-art/34969/
24457,AAA Palm Springs,RELOCATION & RESOURCES,Relocation,Retail & Services,true,3,C,https://www.aaa.com,https://www.visitgreaterpalmsprings.com/listing/aaa-palm-springs/24457/
26515,AAA Westways - Auto Club of Southern California,RELOCATION & RESOURCES,Relocation,Retail & Services,true,3,C,https://www.calif.aaa.com/publications.html,https://www.visitgreaterpalmsprings.com/listing/aaa-westways-auto-club-of-southern-california/26515/
46522,ACCESS Destination Services,MEETING & EVENT RESOURCES,Meeting Resources,Meetings & Events,false,3,C,https://www.accessdmc.com/,https://www.visitgreaterpalmsprings.com/listing/access-destination-services/46522/
61626,1/2sies Co.,EAT & DRINK,Dining,Dining,false,2,C,https://12siesco.com/,https://www.visitgreaterpalmsprings.com/listing/1-2sies-co/61626/
34643,4 Paws Coffee Co.,EAT & DRINK,Dining,Dining,false,2,C,https://4pawscoffeeco.com/,https://www.visitgreaterpalmsprings.com/listing/4-paws-coffee-co/34643/
15849,7 Lakes Golf & Country Club Sales & Rentals,RELOCATION & RESOURCES,Relocation,Retail & Services,false,2,C,https://www.7lakescountryclub.com,https://www.visitgreaterpalmsprings.com/listing/7-lakes-golf-%26-country-club-sales-%26-rentals/15849/
24734,95.9 The Oasis,BUSINESS & PROFESSIONAL SERVICES,Professional Services,Retail & Services,false,1,C,https://www.959theoasis.com,https://www.visitgreaterpalmsprings.com/listing/95-9-the-oasis/24734/
35531,$5 Pizza Place,EAT & DRINK,Dining,Dining,false,0,D,https://www.5dollarpizzaplace.com/,https://www.visitgreaterpalmsprings.com/listing/%245-pizza-place/35531/
35798,360 Sports at Agua Caliente Casino Cathedral City,EAT & DRINK,Dining,Dining,true,0,D,https://aguacalientecasinos.com/nightlife/360-sports-bar/,https://www.visitgreaterpalmsprings.com/listing/360-sports-at-agua-caliente-casino-cathedral-city/35798/
46528,360 Sports at Agua Caliente Casino Palm Springs,EAT & DRINK,Dining,Dining,true,0,D,https://aguacalientecasinos.com/dining/360-sports/,https://www.visitgreaterpalmsprings.com/listing/360-sports-at-agua-caliente-casino-palm-springs/46528/
34473,360 Sports at Agua Caliente Resort Casino Spa Rancho Mirage,EAT & DRINK,Dining,Dining,true,0,D,https://aguacalientecasinos.com/nightlife/360-sports-bar/,https://www.visitgreaterpalmsprings.com/listing/360-sports-at-agua-caliente-resort-casino-spa-rancho-mirage/34473/
6778,4 Seasons Swimwear,SHOPPING,Shopping,Retail & Services,false,0,D,https://4-seasons-swimwear.business.site/,https://www.visitgreaterpalmsprings.com/listing/4-seasons-swimwear/6778/
33466,9 Palms Inn,PLACES TO STAY,Lodging,Lodging,false,0,D,https://www.9palmsinn.com,https://www.visitgreaterpalmsprings.com/listing/9-palms-inn/33466/
25767,A la Mod,SHOPPING,Shopping,Retail & Services,false,0,D,https://www.alamod768.com,https://www.visitgreaterpalmsprings.com/listing/a-la-mod/25767/
29342,"A Transportation Service, LLC",WEDDINGS,Weddings,Meetings & Events,false,0,D,https://www.palmspringsprivatecarservice.com,https://www.visitgreaterpalmsprings.com/listing/a-transportation-service-llc/29342/
29344,"A Transportation Service, LLC",GETTING HERE & AROUND,Transportation,Mobility,false,0,D,https://www.palmspringsprivatecarservice.com,https://www.visitgreaterpalmsprings.com/listing/a-transportation-service-llc/29344/
33165,29 Palms Spa & Nails,THINGS TO DO,Activities,Experiences,false,0,Z,,
45320,9/11 Art Memorial,,(uncategorized),(uncategorized),false,0,Z,,
45340,9/11 Memorial,,(uncategorized),(uncategorized),false,0,Z,,
33166,A Fox Salon,THINGS TO DO,Activities,Experiences,false,0,Z,,
55144,ACE Parking,BUSINESS & PROFESSIONAL SERVICES,Professional Services,Retail & Services,false,0,Z,,
45343,Acknowledgement Areas: Veterans,,(uncategorized),(uncategorized),false,0,Z,,
45287,Ad Astra,,(uncategorized),(uncategorized),false,0,Z,,
45290,Agave 2,,(uncategorized),(uncategorized),false,0,Z,,
45289,Agave,,(uncategorized),(uncategorized),false,0,Z,,
45519,Agriculture in Indio and the Coachella Valley,,(uncategorized),(uncategorized),false,0,Z,,
45046,Aida's Antiques,SHOPPING,Shopping,Retail & Services,false,0,Z,,
24475,Airport Quick Car Wash & Lube,RELOCATION & RESOURCES,Relocation,Retail & Services,false,0,Z,,
33172,Algoberto's Taco Shop,EAT & DRINK,Dining,Dining,false,0,Z,,
26635,Alkobar Quick Stop & Deli,EAT & DRINK,Dining,Dining,false,0,Z,,
34262,All Star Burgers,EAT & DRINK,Dining,Dining,false,0,Z,,
33174,American Cab Company,THINGS TO DO,Activities,Experiences,false,0,Z,,
28317,An Exceptional Wedding,WEDDINGS,Weddings,Meetings & Events,false,0,Z,,
34271,Ancient Lake Cahuilla Overlook,HIKING TRAILS,(unmapped: HIKING TRAILS),(unmapped),false,0,Z,,
45346,Andalusian Horse and Rider,,(uncategorized),(uncategorized),false,0,Z,,
33175,Andrea's Restaurant,EAT & DRINK,Dining,Dining,false,0,Z,,
28814,Andy's Burgers #5 - Coachella,EAT & DRINK,Dining,Dining,false,0,Z,,
45574,Angel of the Desert,,(uncategorized),(uncategorized),false,0,Z,,
45227,Angel Wings,,(uncategorized),(uncategorized),false,0,Z,,
45349,Animal Hospital,,(uncategorized),(uncategorized),false,0,Z,,
45348,Animal Tracks,,(uncategorized),(uncategorized),false,0,Z,,
45575,Anonymous Farm Worker,,(uncategorized),(uncategorized),false,0,Z,,
33178,Anza Borrego State Park,THINGS TO DO,Activities,Experiences,false,0,Z,,
33180,Applewood Court,THINGS TO DO,Activities,Experiences,false,0,Z,,
34268,Araby Trail,HIKING TRAILS,(unmapped: HIKING TRAILS),(unmapped),false,0,Z,,
45576,Artichoke,,(uncategorized),(uncategorized),false,0,Z,,
28809,Asadero Los Corrales,EAT & DRINK,Dining,Dining,false,0,Z,,
45291,Aspiration,,(uncategorized),(uncategorized),false,0,Z,,
61140,Atelier No. 27,SHOPPING,Shopping,Retail & Services,false,0,Z,,
33185,Back Alley Cocktail Lounge at The Bowladium,EAT & DRINK,Dining,Dining,false,0,Z,,
45292,Baja Palapa,,(uncategorized),(uncategorized),false,0,Z,,
33475,Baker Area Chamber of Commerce,VISITOR INFORMATION,(unmapped: VISITOR INFORMATION),(unmapped),false,0,Z,,
45293,Balance,,(uncategorized),(uncategorized),false,0,Z,,
45632,Balance,,(uncategorized),(uncategorized),false,0,Z,,
45352,Balancing Forms,,(uncategorized),(uncategorized),false,0,Z,,
46354,Balloony Tunes,MEETING & EVENT RESOURCES,Meeting Resources,Meetings & Events,false,0,Z,,
36120,Bazar Palm Springs,SHOPPING,Shopping,Retail & Services,false,0,Z,,
33189,Beanster's Espresso,EAT & DRINK,Dining,Dining,false,0,Z,,
34250,Bear Creek Nature Trail,HIKING TRAILS,(unmapped: HIKING TRAILS),(unmapped),false,0,Z,,
60415,Bear Wear,SHOPPING,Shopping,Retail & Services,false,0,Z,,
45353,Bell Tower,,(uncategorized),(uncategorized),false,0,Z,,
28753,Bella da Ball Shows and Events,MEETING & EVENT RESOURCES,Meeting Resources,Meetings & Events,false,0,Z,,
48638,Big Bang,,(uncategorized),(uncategorized),false,0,Z,,
45579,Big Bear,,(uncategorized),(uncategorized),false,0,Z,,
34273,Big Morongo Canyon Desert Willow Trail Loop,HIKING TRAILS,(unmapped: HIKING TRAILS),(unmapped),false,0,Z,,
34274,Big Morongo Canyon Marsh Trail Loop,HIKING TRAILS,(unmapped: HIKING TRAILS),(unmapped),false,0,Z,,
34275,Big Morongo Canyon Mesquite Trail Loop,HIKING TRAILS,(unmapped: HIKING TRAILS),(unmapped),false,0,Z,,
34277,Big Morongo Canyon Through Hike,HIKING TRAILS,(unmapped: HIKING TRAILS),(unmapped),false,0,Z,,
34285,Big Morongo Canyon Yucca Ridge Loop,HIKING TRAILS,(unmapped: HIKING TRAILS),(unmapped),false,0,Z,,
47587,Bird Song,,(uncategorized),(uncategorized),false,0,Z,,
24689,Bit of Country,EAT & DRINK,Dining,Dining,false,0,Z,,
45355,Bloom,,(uncategorized),(uncategorized),false,0,Z,,
48619,Blooming Gratitude,,(uncategorized),(uncategorized),false,0,Z,,
45371,Blue Mountain Quartet,,(uncategorized),(uncategorized),false,0,Z,,
33198,Boardwalk Hair & Nail Parlor,THINGS TO DO,Activities,Experiences,false,0,Z,,
35008,Body Alive,,(uncategorized),(uncategorized),false,0,Z,,
61616,Bohemios Prime,EAT & DRINK,Dining,Dining,false,0,Z,,
45541,Bombay Beach Biennale,,(uncategorized),(uncategorized),false,0,Z,,
34278,Boo Hoff Loop,HIKING TRAILS,(unmapped: HIKING TRAILS),(unmapped),false,0,Z,,
34269,Boo Hoff Panorama,HIKING TRAILS,(unmapped: HIKING TRAILS),(unmapped),false,0,Z,,
9716,Boulevards Bar and Grill at Sun City Palm Desert,EAT & DRINK,Dining,Dining,false,0,Z,,
45273,Boxers,,(uncategorized),(uncategorized),false,0,Z,,
45580,Breaker,,(uncategorized),(uncategorized),false,0,Z,,
45372,Bridge Railings,,(uncategorized),(uncategorized),false,0,Z,,
45407,Bronze Relief Map,,(uncategorized),(uncategorized),false,0,Z,,
45274,Buddy Rogers,,(uncategorized),(uncategorized),false,0,Z,,
45350,Bullish,,(uncategorized),(uncategorized),false,0,Z,,
34252,Bump & Grind Loop (seasonal),HIKING TRAILS,(unmapped: HIKING TRAILS),(unmapped),false,0,Z,,
34251,Bump & Grind Loop,HIKING TRAILS,(unmapped: HIKING TRAILS),(unmapped),false,0,Z,,
45228,Butch,,(uncategorized),(uncategorized),false,0,Z,,
33214,C & S Coffee Shop,EAT & DRINK,Dining,Dining,false,0,Z,,
45295,"""C"" is for Cat",,(uncategorized),(uncategorized),false,0,Z,,
45439,Cabot Yerxa,,(uncategorized),(uncategorized),false,0,Z,,
26099,Cactus Jack's Bar & Grill,EAT & DRINK,Dining,Dining,false,0,Z,,
35010,Cactus Spring to Horsethief Creek,HIKING TRAILS,(unmapped: HIKING TRAILS),(unmapped),false,0,Z,,
34290,Cactus Spring to the Springs,HIKING TRAILS,(unmapped: HIKING TRAILS),(unmapped),false,0,Z,,
50449,Cafe Mon Amour,EAT & DRINK,Dining,Dining,false,0,Z,,
59331,Cafecito Calaveras,EAT & DRINK,Dining,Dining,false,0,Z,,
45296,Caftan,,(uncategorized),(uncategorized),false,0,Z,,
45411,Cahuilla Family,,(uncategorized),(uncategorized),false,0,Z,,
33217,Cahuilla Mountain Market & Café,EAT & DRINK,Dining,Dining,false,0,Z,,
52040,California Southland Private Security,MEETING & EVENT RESOURCES,Meeting Resources,Meetings & Events,false,0,Z,,
45345,Cancer...There's Hope,,(uncategorized),(uncategorized),false,0,Z,,
36033,Carousel of Treasures,THINGS TO DO,Activities,Experiences,false,0,Z,,
59280,Castañeda's Mexican Food,EAT & DRINK,Dining,Dining,false,0,Z,,
34246,Cathedral Canyon Trail,HIKING TRAILS,(unmapped: HIKING TRAILS),(unmapped),false,0,Z,,
45322,Cathedral City Memorial Wall 1,,(uncategorized),(uncategorized),false,0,Z,,
45323,Cathedral City Memorial Wall 2,,(uncategorized),(uncategorized),false,0,Z,,
34291,Cedar Springs,HIKING TRAILS,(unmapped: HIKING TRAILS),(unmapped),false,0,Z,,
58638,Chada Thai Cuisine,EAT & DRINK,Dining,Dining,false,0,Z,,
45298,Charger,,(uncategorized),(uncategorized),false,0,Z,,
33230,Charlie's Pub & Grill,EAT & DRINK,Dining,Dining,false,0,Z,,
58653,Chef Ashelanna,MEETING & EVENT RESOURCES,Meeting Resources,Meetings & Events,false,0,Z,,
45299,Chihuly at Desert Willow,,(uncategorized),(uncategorized),false,0,Z,,
45347,Chill,,(uncategorized),(uncategorized),false,0,Z,,
45275,Chopsticks,,(uncategorized),(uncategorized),false,0,Z,,
45412,Chromaplex,,(uncategorized),(uncategorized),false,0,Z,,
45584,Chubby Chickens with Rooster,,(uncategorized),(uncategorized),false,0,Z,,
48640,Circo X &#8211; Chain of Connected Ideas,,(uncategorized),(uncategorized),false,0,Z,,
16650,City Center Motel,STAY,Lodging,Lodging,false,0,Z,,
45300,City Entry Marker,,(uncategorized),(uncategorized),false,0,Z,,
45301,Clifford Henderson Bust,,(uncategorized),(uncategorized),false,0,Z,,
37265,C'los Restaurant,EAT & DRINK,Dining,Dining,false,0,Z,,
26375,Club 5 Bar,EAT & DRINK,Dining,Dining,false,0,Z,,
61691,Coachella Smoke Co.,CANNABIS,(unmapped: CANNABIS),(unmapped),false,0,Z,,
58650,Coachella Valley Derby Girls,FILM PRODUCTION SERVICES,(unmapped: FILM PRODUCTION SERVICES),(unmapped),false,0,Z,,
45621,Colibiri,,(uncategorized),(uncategorized),false,0,Z,,
45303,Colleagues,,(uncategorized),(uncategorized),false,0,Z,,
45413,Colobiri,,(uncategorized),(uncategorized),false,0,Z,,
45418,Color Swirl,,(uncategorized),(uncategorized),false,0,Z,,
45561,Colores de la Juventud,,(uncategorized),(uncategorized),false,0,Z,,
48627,Complexity of Mein,,(uncategorized),(uncategorized),false,0,Z,,
45230,Con Tus Tias,,(uncategorized),(uncategorized),false,0,Z,,
58654,Concert for Autism,RELOCATION & RESOURCES,Relocation,Retail & Services,false,0,Z,,
48625,Continuous Line VII (Levity),,(uncategorized),(uncategorized),false,0,Z,,
52044,Cookie Co. La Quinta,EAT & DRINK,Dining,Dining,false,0,Z,,
20637,Cooking with Class,MEETING & EVENT RESOURCES,Meeting Resources,Meetings & Events,false,0,Z,,
34272,Cove Oasis Loop,HIKING TRAILS,(unmapped: HIKING TRAILS),(unmapped),false,0,Z,,
34279,Cove to Lake Trail,HIKING TRAILS,(unmapped: HIKING TRAILS),(unmapped),false,0,Z,,
45309,Coyote Benches,,(uncategorized),(uncategorized),false,0,Z,,
59896,Cravings Coffee & Pastries,EAT & DRINK,Dining,Dining,false,0,Z,,
45312,Cross Roads,,(uncategorized),(uncategorized),false,0,Z,,
45314,Crystal Field,,(uncategorized),(uncategorized),false,0,Z,,
59798,D’ Coffee Bouteaque,EAT & DRINK,Dining,Dining,false,0,Z,,
45315,Dance of Discovery,,(uncategorized),(uncategorized),false,0,Z,,
45317,Dancers,,(uncategorized),(uncategorized),false,0,Z,,
45419,Dances with the Landscapes Mosaics,,(uncategorized),(uncategorized),false,0,Z,,
45321,Danseur,,(uncategorized),(uncategorized),false,0,Z,,
25909,Dazzles,SHOPPING,Shopping,Retail & Services,false,0,Z,,
45421,"Dedication, Courage, Honor",,(uncategorized),(uncategorized),false,0,Z,,
54205,Desert 360 Photobooth,MEETING & EVENT RESOURCES,Meeting Resources,Meetings & Events,false,0,Z,,
28399,Desert Ad Fed,BUSINESS & PROFESSIONAL SERVICES,Professional Services,Retail & Services,false,0,Z,,
45324,Desert Aviary,,(uncategorized),(uncategorized),false,0,Z,,
45326,Desert Bloom,,(uncategorized),(uncategorized),false,0,Z,,
45425,Desert Cactus,,(uncategorized),(uncategorized),false,0,Z,,
45327,Desert Dessert,,(uncategorized),(uncategorized),false,0,Z,,
45622,Desert Dolmen,,(uncategorized),(uncategorized),false,0,Z,,
45328,Desert Gateway Rock Sculpture,,(uncategorized),(uncategorized),false,0,Z,,
45426,Desert Legacy,,(uncategorized),(uncategorized),false,0,Z,,
29265,Desert Lodge,STAY,Lodging,Lodging,false,0,Z,,
45623,Desert Scene,,(uncategorized),(uncategorized),false,0,Z,,
61516,Desert Snack Cart,EAT & DRINK,Dining,Dining,false,0,Z,,
34225,Desert View Loop,HIKING TRAILS,(unmapped: HIKING TRAILS),(unmapped),false,0,Z,,
45329,Desert Willow Fence,,(uncategorized),(uncategorized),false,0,Z,,
56715,Destination Services & Events,MEETING & EVENT RESOURCES,Meeting Resources,Meetings & Events,false,0,Z,,
34221,Devil's Slide,HIKING TRAILS,(unmapped: HIKING TRAILS),(unmapped),false,0,Z,,
45565,Dia del los Niños,,(uncategorized),(uncategorized),false,0,Z,,
45276,Diamond,,(uncategorized),(uncategorized),false,0,Z,,
45277,Dinah Shore Bridge Mosaics,,(uncategorized),(uncategorized),false,0,Z,,
48626,Dione the Water Goddess,,(uncategorized),(uncategorized),false,0,Z,,
35567,DJ's Louisiana Kitchen,MEETING & EVENT RESOURCES,Meeting Resources,Meetings & Events,false,0,Z,,
34226,Dolomite Mine,HIKING TRAILS,(unmapped: HIKING TRAILS),(unmapped),false,0,Z,,
34258,Don Tacorriendo Taqueria,EAT & DRINK,Dining,Dining,false,0,Z,,
45624,Don,,(uncategorized),(uncategorized),false,0,Z,,
45625,Double Dipper,,(uncategorized),(uncategorized),false,0,Z,,
45365,Dream Big,,(uncategorized),(uncategorized),false,0,Z,,
45570,"Dreams, Oneness, Interconnectedness, Peace, Wisdom, Nature, Utopia, Fantasy, Dissent, Universal Love",,(uncategorized),(uncategorized),false,0,Z,,
45330,Droog,,(uncategorized),(uncategorized),false,0,Z,,
48629,Dude Ascending,,(uncategorized),(uncategorized),false,0,Z,,
24889,E and E Pels Enterprises Inc,MEETING & EVENT RESOURCES,Meeting Resources,Meetings & Events,false,0,Z,,
45626,Eagles,,(uncategorized),(uncategorized),false,0,Z,,
47617,East To West,,(uncategorized),(uncategorized),false,0,Z,,
59284,Eastern Buffet,EAT & DRINK,Dining,Dining,false,0,Z,,
34227,Ed Hastey Loop,HIKING TRAILS,(unmapped: HIKING TRAILS),(unmapped),false,0,Z,,
33254,Edchada's Mexican Restaurant,EAT & DRINK,Dining,Dining,false,0,Z,,
34994,Edgehill Trail,HIKING TRAILS,(unmapped: HIKING TRAILS),(unmapped),false,0,Z,,
45334,Egrets,,(uncategorized),(uncategorized),false,0,Z,,
45335,El Paseo Entry Signs,,(uncategorized),(uncategorized),false,0,Z,,
25242,"Emerald Transportation Service, LLC",GETTING HERE & AROUND,Transportation,Mobility,false,0,Z,,
45573,Empowerment of Women,,(uncategorized),(uncategorized),false,0,Z,,
45628,Enjoy the Ride,,(uncategorized),(uncategorized),false,0,Z,,
45555,Entrance Monument East,,(uncategorized),(uncategorized),false,0,Z,,
45554,Entrance Monument West,,(uncategorized),(uncategorized),false,0,Z,,
45336,Equality,,(uncategorized),(uncategorized),false,0,Z,,
33259,Ermelinda Salon,THINGS TO DO,Activities,Experiences,false,0,Z,,
34228,Ernie Maxwell,HIKING TRAILS,(unmapped: HIKING TRAILS),(unmapped),false,0,Z,,
45577,Etherea,,(uncategorized),(uncategorized),false,0,Z,,
24543,Evocative Arts Gallery,RELOCATION & RESOURCES,Relocation,Retail & Services,false,0,Z,,
48635,Eye of the Wind,,(uncategorized),(uncategorized),false,0,Z,,
34728,Facials by Ambie,,(uncategorized),(uncategorized),false,0,Z,,
45364,Falcon,,(uncategorized),(uncategorized),false,0,Z,,
45338,Fat Happy Bus Shelter,,(uncategorized),(uncategorized),false,0,Z,,
45538,Fire Grasses,,(uncategorized),(uncategorized),false,0,Z,,
45556,Fish Trap with Bear,,(uncategorized),(uncategorized),false,0,Z,,
45557,Flowing Presence,,(uncategorized),(uncategorized),false,0,Z,,
45339,Flute Players,,(uncategorized),(uncategorized),false,0,Z,,
34289,Fobes Saddle,HIKING TRAILS,(unmapped: HIKING TRAILS),(unmapped),false,0,Z,,
28810,Fong Lam Chinese Restaurant,EAT & DRINK,Dining,Dining,false,0,Z,,
45342,For Our Freedom,,(uncategorized),(uncategorized),false,0,Z,,
45520,For the Conductor,,(uncategorized),(uncategorized),false,0,Z,,
45633,Forever Marilyn,,(uncategorized),(uncategorized),false,0,Z,,
45231,Forget Me Not,,(uncategorized),(uncategorized),false,0,Z,,
45232,Fossils of the Future,,(uncategorized),(uncategorized),false,0,Z,,
45344,Fountain,,(uncategorized),(uncategorized),false,0,Z,,
45278,Fountains,,(uncategorized),(uncategorized),false,0,Z,,
29291,Freedom Park - Dog Park,,(uncategorized),(uncategorized),false,0,Z,,
59970,Frequency Events,,(uncategorized),(uncategorized),false,0,Z,,
45279,Friends of the Heart,,(uncategorized),(uncategorized),false,0,Z,,
33266,Frugal Coyote Boutique & Resale Shop,THINGS TO DO,Activities,Experiences,false,0,Z,,
29447,Fruit Wonders,EAT & DRINK,Dining,Dining,false,0,Z,,
45552,Galaxy of Colors,,(uncategorized),(uncategorized),false,0,Z,,
33268,Galleta Meadows Sculptures,THINGS TO DO,Activities,Experiences,false,0,Z,,
51264,GANAS,RELOCATION & RESOURCES,Relocation,Retail & Services,false,0,Z,,
34280,Garner Valley on the Pacific Crest Trail,HIKING TRAILS,(unmapped: HIKING TRAILS),(unmapped),false,0,Z,,
45551,Gateway to the Desert,,(uncategorized),(uncategorized),false,0,Z,,
45280,Gateway,,(uncategorized),(uncategorized),false,0,Z,,
45351,Gaudi Style Bench,,(uncategorized),(uncategorized),false,0,Z,,
60413,GayMart USA,SHOPPING,Shopping,Retail & Services,false,0,Z,,
26140,Genuine Draft Horse Ranch,WEDDINGS,Weddings,Meetings & Events,false,0,Z,,
26846,George's Bar & Grill,EAT & DRINK,Dining,Dining,false,0,Z,,
45354,Giraffe,,(uncategorized),(uncategorized),false,0,Z,,
33272,Golden Dragon,EAT & DRINK,Dining,Dining,false,0,Z,,
33273,Golden Ox,EAT & DRINK,Dining,Dining,false,0,Z,,
33274,Good China Star,EAT & DRINK,Dining,Dining,false,0,Z,,
45357,Gravity Wave,,(uncategorized),(uncategorized),false,0,Z,,
45226,Greetings Mural,,(uncategorized),(uncategorized),false,0,Z,,
29406,Grooming with Love,,(uncategorized),(uncategorized),false,0,Z,,
45358,Ground Swell,,(uncategorized),(uncategorized),false,0,Z,,
61794,Gypsyland,SHOPPING,Shopping,Retail & Services,false,0,Z,,
29092,"Habitat for Humanity of the Coachella Valley, Inc",MEETING & EVENT RESOURCES,Meeting Resources,Meetings & Events,false,0,Z,,
34742,Hair by Diana,,(uncategorized),(uncategorized),false,0,Z,,
34740,Hair by Rina,,(uncategorized),(uncategorized),false,0,Z,,
34741,Hair by Yvonne Eckhardt,,(uncategorized),(uncategorized),false,0,Z,,
28333,Harpist Erica Powell,WEDDINGS,Weddings,Meetings & Events,false,0,Z,,
34746,Hartman Jewelers,SHOPPING,Shopping,Retail & Services,false,0,Z,,
45521,Harvest,,(uncategorized),(uncategorized),false,0,Z,,
34747,Haus of Style Hair by Tracey Baez,,(uncategorized),(uncategorized),false,0,Z,,
37720,Haven Training Center,,(uncategorized),(uncategorized),false,0,Z,,
45550,Heart,,(uncategorized),(uncategorized),false,0,Z,,
24803,HG Hair Spa and Trichology,,(uncategorized),(uncategorized),false,0,Z,,
45366,Historical Rendering of Desert Hot Springs,,(uncategorized),(uncategorized),false,0,Z,,
45523,History of Electricity in and Around Indio,,(uncategorized),(uncategorized),false,0,Z,,
45524,History of the Date Industry in the Coachella Valley,,(uncategorized),(uncategorized),false,0,Z,,
45525,History of Transportation,,(uncategorized),(uncategorized),false,0,Z,,
45526,History of Water in the Coachella Valley,,(uncategorized),(uncategorized),false,0,Z,,
45281,Holistic 77-A,,(uncategorized),(uncategorized),false,0,Z,,
45282,Hollywood Hereos,,(uncategorized),(uncategorized),false,0,Z,,
45359,Holocaust Memorial,,(uncategorized),(uncategorized),false,0,Z,,
34247,Hopalong Cassidy Through Hike,HIKING TRAILS,(unmapped: HIKING TRAILS),(unmapped),false,0,Z,,
45368,Horse,,(uncategorized),(uncategorized),false,0,Z,,
24548,Hospitality Staffing Solutions,RELOCATION & RESOURCES,Relocation,Retail & Services,false,0,Z,,
56313,Hummingbird Yoga,,(uncategorized),(uncategorized),false,0,Z,,
45578,Hungry Dog of the Desert,,(uncategorized),(uncategorized),false,0,Z,,
45549,Hydra,,(uncategorized),(uncategorized),false,0,Z,,
48637,Hygge,,(uncategorized),(uncategorized),false,0,Z,,
45548,I Know a Short Way,,(uncategorized),(uncategorized),false,0,Z,,
26701,Il Sogno,EAT & DRINK,Dining,Dining,false,0,Z,,
45361,Impact,,(uncategorized),(uncategorized),false,0,Z,,
45265,Impossible Lawn Chair,,(uncategorized),(uncategorized),false,0,Z,,
45547,In-Between Earth and Sky,,(uncategorized),(uncategorized),false,0,Z,,
45362,In Praise of Cahuilla Baskets,,(uncategorized),(uncategorized),false,0,Z,,
33296,Indian Cove Market & Grill,EAT & DRINK,Dining,Dining,false,0,Z,,
46285,Indio Certified Farmers Market,SHOPPING,Shopping,Retail & Services,false,0,Z,,
36066,Indio Hills Trail,HIKING TRAILS,(unmapped: HIKING TRAILS),(unmapped),false,0,Z,,
16707,Indio Holiday Motel,STAY,Lodging,Lodging,false,0,Z,,
45363,Infinity Column,,(uncategorized),(uncategorized),false,0,Z,,
45262,Intersecting Cubes,,(uncategorized),(uncategorized),false,0,Z,,
24704,Ironwood Country Club,GOLF,(unmapped: GOLF),(unmapped),false,0,Z,,
46361,Isabelle,,(uncategorized),(uncategorized),false,0,Z,,
34682,Island Boba Sushi Poke,EAT & DRINK,Dining,Dining,false,0,Z,,
45263,Ithiel,,(uncategorized),(uncategorized),false,0,Z,,
28966,IW Coffee,EAT & DRINK,Dining,Dining,false,0,Z,,
11511,Jake Turner Salon & Spa,,(uncategorized),(uncategorized),false,0,Z,,
28803,Jalisco Restaurant,EAT & DRINK,Dining,Dining,false,0,Z,,
56196,Jessica Nicole Photography,WEDDINGS,Weddings,Meetings & Events,false,0,Z,,
26833,Jet Stream Deli,EAT & DRINK,Dining,Dining,false,0,Z,,
48609,Jewel,,(uncategorized),(uncategorized),false,0,Z,,
33302,Jilberto's Taco Shop - Anza,EAT & DRINK,Dining,Dining,false,0,Z,,
23184,Josie's on El Paseo,SHOPPING,Shopping,Retail & Services,false,0,Z,,
45264,Jungle Red,,(uncategorized),(uncategorized),false,0,Z,,
25634,Kalura Trattoria,EAT & DRINK,Dining,Dining,false,0,Z,,
34257,Kam Lun Chinese Restaurant,EAT & DRINK,Dining,Dining,false,0,Z,,
28520,Karen's Cafe,EAT & DRINK,Dining,Dining,false,0,Z,,
55147,Kaylie Nicole,SHOPPING,Shopping,Retail & Services,false,0,Z,,
34281,Kim Nicol Loop,HIKING TRAILS,(unmapped: HIKING TRAILS),(unmapped),false,0,Z,,
33321,"Kimi Grill Japanese Restaurant, Sushi & BBQ",EAT & DRINK,Dining,Dining,false,0,Z,,
45367,Kindness,,(uncategorized),(uncategorized),false,0,Z,,
45379,Komodo Dragons,,(uncategorized),(uncategorized),false,0,Z,,
33324,Korean Market,THINGS TO DO,Activities,Experiences,false,0,Z,,
49627,Kyle & Co,BUSINESS & PROFESSIONAL SERVICES,Professional Services,Retail & Services,false,0,Z,,
36029,La Baguette,EAT & DRINK,Dining,Dining,false,0,Z,,
33329,La Cocina,EAT & DRINK,Dining,Dining,false,0,Z,,
45585,La Cosecha del Futuro Se Siembra Con La Semilla del Pasado,,(uncategorized),(uncategorized),false,0,Z,,
45583,La Fiesta en el Desierto,,(uncategorized),(uncategorized),false,0,Z,,
29368,La Michoacana Ice Cream Parlor & Candy Shop,EAT & DRINK,Dining,Dining,false,0,Z,,
24738,La Quinta Barber Shop,,(uncategorized),(uncategorized),false,0,Z,,
28876,La Quinta Community Fitness Center & Park,ACTIVITIES & RECREATION,Activities,Experiences,false,0,Z,,
45546,La Quinta Night,,(uncategorized),(uncategorized),false,0,Z,,
45544,La Quinta View,,(uncategorized),(uncategorized),false,0,Z,,
34765,LaBonte Salon & Spa,,(uncategorized),(uncategorized),false,0,Z,,
45283,Lalo Guerrero,,(uncategorized),(uncategorized),false,0,Z,,
45266,Le Campas de Vulcan,,(uncategorized),(uncategorized),false,0,Z,,
45543,Leader of the Pack,,(uncategorized),(uncategorized),false,0,Z,,
35009,"Leah A. Wiltgen, LMT, CDT",,(uncategorized),(uncategorized),false,0,Z,,
33971,Lifestyles Nutrition Center,,(uncategorized),(uncategorized),false,0,Z,,
45267,Line Segments,,(uncategorized),(uncategorized),false,0,Z,,
45536,Lively,,(uncategorized),(uncategorized),false,0,Z,,
45630,Lizards,,(uncategorized),(uncategorized),false,0,Z,,
52459,Lolo Interiors,SHOPPING,Shopping,Retail & Services,false,0,Z,,
45831,Long Canyon Route to Joshua Tree National Park,HIKING TRAILS,(unmapped: HIKING TRAILS),(unmapped),false,0,Z,,
34229,Long Valley Discovery Loop,HIKING TRAILS,(unmapped: HIKING TRAILS),(unmapped),false,0,Z,,
54691,Los Arcos Authentic Mexican Food,EAT & DRINK,Dining,Dining,false,0,Z,,
45268,Love Letters,,(uncategorized),(uncategorized),false,0,Z,,
45569,Lucha Sin Fin,,(uncategorized),(uncategorized),false,0,Z,,
33337,Lucky Chinese Restaurant,EAT & DRINK,Dining,Dining,false,0,Z,,
23899,Lush Couture,SHOPPING,Shopping,Retail & Services,false,0,Z,,
45269,Machine Age,,(uncategorized),(uncategorized),false,0,Z,,
45270,Mademosielle Coco,,(uncategorized),(uncategorized),false,0,Z,,
35945,Mangos Juice Bar & Raspados,EAT & DRINK,Dining,Dining,false,0,Z,,
45381,Marfa,,(uncategorized),(uncategorized),false,0,Z,,
45271,Marilyn Monroe,,(uncategorized),(uncategorized),false,0,Z,,
53644,Marlene Olivas Stylist,,(uncategorized),(uncategorized),false,0,Z,,
45527,Mary Ann's Bakery,,(uncategorized),(uncategorized),false,0,Z,,
45284,Massive,,(uncategorized),(uncategorized),false,0,Z,,
16735,Mauna Loa Motel,STAY,Lodging,Lodging,false,0,Z,,
35627,Maxcy's Grill - La Quinta,EAT & DRINK,Dining,Dining,false,0,Z,,
62147,Melody Note Vintage,SHOPPING,Shopping,Retail & Services,false,0,Z,,
45387,Mesa,,(uncategorized),(uncategorized),false,0,Z,,
45389,Messenger of the Puul,,(uncategorized),(uncategorized),false,0,Z,,
45391,Midstream,,(uncategorized),(uncategorized),false,0,Z,,
29278,Miriam's Poochella Dog Grooming,,(uncategorized),(uncategorized),false,0,Z,,
34276,Mission Creek Stonehouse,HIKING TRAILS,(unmapped: HIKING TRAILS),(unmapped),false,0,Z,,
26123,Mister Marcus,SHOPPING,Shopping,Retail & Services,false,0,Z,,
45229,Moment Movement Change,,(uncategorized),(uncategorized),false,0,Z,,
33349,Mon Reve,EAT & DRINK,Dining,Dining,false,0,Z,,
45272,Monsieur Pompadour,,(uncategorized),(uncategorized),false,0,Z,,
35630,Moreno's Bakery,EAT & DRINK,Dining,Dining,false,0,Z,,
45396,"Morning Light, Evening Light, and Dreaming Cahuilla Basketry",,(uncategorized),(uncategorized),false,0,Z,,
45398,Morningstar Overture,,(uncategorized),(uncategorized),false,0,Z,,
33587,Morongo Valley Chamber of Commerce,VISITOR INFORMATION,(unmapped: VISITOR INFORMATION),(unmapped),false,0,Z,,
45399,Mother and Child Sculpture Garden,,(uncategorized),(uncategorized),false,0,Z,,
45568,Motherhood,,(uncategorized),(uncategorized),false,0,Z,,
45285,Mountain Cathedrals,,(uncategorized),(uncategorized),false,0,Z,,
45400,Mountain Lions,,(uncategorized),(uncategorized),false,0,Z,,
45542,Mountain View,,(uncategorized),(uncategorized),false,0,Z,,
45528,Moving Towards the Future,,(uncategorized),(uncategorized),false,0,Z,,
54693,Ms Boba,EAT & DRINK,Dining,Dining,false,0,Z,,
45567,Mujer del Desierto,,(uncategorized),(uncategorized),false,0,Z,,
45566,Mujeres Luchadoras Americanas 2016,,(uncategorized),(uncategorized),false,0,Z,,
33362,Murphy's Sports Bar,EAT & DRINK,Dining,Dining,false,0,Z,,
34292,Murray Hill,HIKING TRAILS,(unmapped: HIKING TRAILS),(unmapped),false,0,Z,,
47618,Muse III,,(uncategorized),(uncategorized),false,0,Z,,
34248,Museum Trail,HIKING TRAILS,(unmapped: HIKING TRAILS),(unmapped),false,0,Z,,
45405,Music,,(uncategorized),(uncategorized),false,0,Z,,
34796,Mya Studio Salon,,(uncategorized),(uncategorized),false,0,Z,,
34799,Nails by Jean Durning,,(uncategorized),(uncategorized),false,0,Z,,
45532,Native American Themes,,(uncategorized),(uncategorized),false,0,Z,,
45408,Native Welcome,,(uncategorized),(uncategorized),false,0,Z,,
45406,Neoglyphs,,(uncategorized),(uncategorized),false,0,Z,,
45416,New Beginnings,,(uncategorized),(uncategorized),false,0,Z,,
33591,Newberry Springs Chamber of Commerce,VISITOR INFORMATION,(unmapped: VISITOR INFORMATION),(unmapped),false,0,Z,,
28456,Nina's Traditional Greek Cuisine & Pizzeria,EAT & DRINK,Dining,Dining,false,0,Z,,
45233,Nines & Elevens,,(uncategorized),(uncategorized),false,0,Z,,
45631,Noah Purifoy Desert Art Museum of Assemblage Art,,(uncategorized),(uncategorized),false,0,Z,,
56798,Nomad Ventures,THINGS TO DO,Activities,Experiences,false,0,Z,,
34283,North Lykken- Palm Springs Loop,HIKING TRAILS,(unmapped: HIKING TRAILS),(unmapped),false,0,Z,,
34282,North Lykken,HIKING TRAILS,(unmapped: HIKING TRAILS),(unmapped),false,0,Z,,
33988,Nutrition Rush Palm Springs,,(uncategorized),(uncategorized),false,0,Z,,
45529,Oculus Sol,,(uncategorized),(uncategorized),false,0,Z,,
60395,Oh My! Events by Marie,WEDDINGS,Weddings,Meetings & Events,false,0,Z,,
45564,Ojo de Aguila,,(uncategorized),(uncategorized),false,0,Z,,
45522,Olas 106 and Olas 211,,(uncategorized),(uncategorized),false,0,Z,,
45286,Old Firehouse,,(uncategorized),(uncategorized),false,0,Z,,
45530,Old Indio,,(uncategorized),(uncategorized),false,0,Z,,
33375,Old Town Grill BBQ at 29 Palms Liquor,EAT & DRINK,Dining,Dining,false,0,Z,,
26576,Old Town La Quinta Bike Rentals,ACTIVITIES & RECREATION,Activities,Experiences,false,0,Z,,
34454,Old Town Massage,,(uncategorized),(uncategorized),false,0,Z,,
54008,Olga G for Hair,,(uncategorized),(uncategorized),false,0,Z,,
33376,Olvera's Restaurant,EAT & DRINK,Dining,Dining,false,0,Z,,
34286,Omstott Loop,HIKING TRAILS,(unmapped: HIKING TRAILS),(unmapped),false,0,Z,,
45518,On the Count of Three,,(uncategorized),(uncategorized),false,0,Z,,
45531,One Voice,,(uncategorized),(uncategorized),false,0,Z,,
45517,Opal Drops,,(uncategorized),(uncategorized),false,0,Z,,
45409,Orca Family,,(uncategorized),(uncategorized),false,0,Z,,
45422,Palm Desert Library Community Room Mural,,(uncategorized),(uncategorized),false,0,Z,,
45430,Palm Desert Obelisk,,(uncategorized),(uncategorized),false,0,Z,,
16763,Palm Shadow Inn,STAY,Lodging,Lodging,false,0,Z,,
45433,Passing It Along,,(uncategorized),(uncategorized),false,0,Z,,
59379,PasteListos,EAT & DRINK,Dining,Dining,false,0,Z,,
45435,Pathways Through Life & Reaching Glory,,(uncategorized),(uncategorized),false,0,Z,,
45436,Peace Memorial,,(uncategorized),(uncategorized),false,0,Z,,
62148,Peach Whiskers Goods,SHOPPING,Shopping,Retail & Services,false,0,Z,,
28577,Peninsula Pastries,EAT & DRINK,Dining,Dining,false,0,Z,,
45302,Perfect Union,,(uncategorized),(uncategorized),false,0,Z,,
45437,Perpetual Motion,,(uncategorized),(uncategorized),false,0,Z,,
35250,Peruvian Fuego,EAT & DRINK,Dining,Dining,false,0,Z,,
28873,Pho Vu Vietnamese Restaurant - La Quinta,EAT & DRINK,Dining,Dining,false,0,Z,,
45304,Pickford Lizards,,(uncategorized),(uncategorized),false,0,Z,,
48624,Pixelman,,(uncategorized),(uncategorized),false,0,Z,,
34811,Place Vendome Precious Jewels,SHOPPING,Shopping,Retail & Services,false,0,Z,,
28788,Plan B Live Entertainment & Cocktails,EAT & DRINK,Dining,Dining,false,0,Z,,
45540,Planar Pavilions,,(uncategorized),(uncategorized),false,0,Z,,
62027,"Platinum Cowboy, Dancehall & Saloon",EAT & DRINK,Dining,Dining,false,0,Z,,
28804,Plaza Garibaldi Restaurant,EAT & DRINK,Dining,Dining,false,0,Z,,
33385,PM Smiley Sculpture,THINGS TO DO,Activities,Experiences,false,0,Z,,
45537,Poise,,(uncategorized),(uncategorized),false,0,Z,,
48639,Polyrhythms,,(uncategorized),(uncategorized),false,0,Z,,
47624,Popsicles,,(uncategorized),(uncategorized),false,0,Z,,
45516,Portal of Poppies,,(uncategorized),(uncategorized),false,0,Z,,
34812,Pretty Nails,,(uncategorized),(uncategorized),false,0,Z,,
45235,Pride Totem,,(uncategorized),(uncategorized),false,0,Z,,
33386,Primo Burgers,EAT & DRINK,Dining,Dining,false,0,Z,,
53526,Privado Palm Springs,EAT & DRINK,Dining,Dining,false,0,Z,,
24519,Pro Valley Realty,RELOCATION & RESOURCES,Relocation,Retail & Services,false,0,Z,,
45440,Proceed With Caution,,(uncategorized),(uncategorized),false,0,Z,,
45441,Puffed Up Prince,,(uncategorized),(uncategorized),false,0,Z,,
29413,Puppy Luv Pet Salon,,(uncategorized),(uncategorized),false,0,Z,,
33703,Purveyors of Leisure,GROUP VENUES,Group Venues,Meetings & Events,false,0,Z,,
45234,R. Hero - red,,(uncategorized),(uncategorized),false,0,Z,,
45236,R. Hero,,(uncategorized),(uncategorized),false,0,Z,,
45443,R. Hero,,(uncategorized),(uncategorized),false,0,Z,,
45444,"Radiance, 2016",,(uncategorized),(uncategorized),false,0,Z,,
47595,Rainbow Crosswalk,,(uncategorized),(uncategorized),false,0,Z,,
45237,Rainmaker,,(uncategorized),(uncategorized),false,0,Z,,
45515,Rams (Big Horn Sheep),,(uncategorized),(uncategorized),false,0,Z,,
36176,Rancho Mirage Certified Farmers Market,SHOPPING,Shopping,Retail & Services,false,0,Z,,
34237,Randall Henderson Canyon Loop,HIKING TRAILS,(unmapped: HIKING TRAILS),(unmapped),false,0,Z,,
34238,Randall Henderson Cholla Loop,HIKING TRAILS,(unmapped: HIKING TRAILS),(unmapped),false,0,Z,,
34230,Randall Henderson Wash Loop,HIKING TRAILS,(unmapped: HIKING TRAILS),(unmapped),false,0,Z,,
45533,Rebirth,,(uncategorized),(uncategorized),false,0,Z,,
45446,Recycle,,(uncategorized),(uncategorized),false,0,Z,,
26549,Red Barn,EAT & DRINK,Dining,Dining,false,0,Z,,
45238,Red Echo,,(uncategorized),(uncategorized),false,0,Z,,
48621,Red Rover,,(uncategorized),(uncategorized),false,0,Z,,
59653,rhythm and sound,MEETING & EVENT RESOURCES,Meeting Resources,Meetings & Events,false,0,Z,,
57623,"Rhythm Tech Productions, LLc",BUSINESS & PROFESSIONAL SERVICES,Professional Services,Retail & Services,false,0,Z,,
33395,Ridgecrest Farmers' Market,THINGS TO DO,Activities,Experiences,false,0,Z,,
24710,River Nails and Spa,,(uncategorized),(uncategorized),false,0,Z,,
37537,RM Coffee,EAT & DRINK,Dining,Dining,false,0,Z,,
45247,Road Signs - Atukul - Wellness Park,,(uncategorized),(uncategorized),false,0,Z,,
45246,Road Signs - Kichamka - Palm Springs Visitors Center South,,(uncategorized),(uncategorized),false,0,Z,,
45239,Road Signs - kish - Baristo Park,,(uncategorized),(uncategorized),false,0,Z,,
45240,Road Signs - Maze - Demuth Park,,(uncategorized),(uncategorized),false,0,Z,,
45242,Road Signs - pa'ayal - Palm Springs Pavilion at Sunrise Park,,(uncategorized),(uncategorized),false,0,Z,,
45243,Road Signs - Qawika - Palm Desert Visitors Center West,,(uncategorized),(uncategorized),false,0,Z,,
45241,Road Signs - sikawet - James O Jesse Desert Highland Park,,(uncategorized),(uncategorized),false,0,Z,,
45244,Road Signs - Tamika - Palm Springs Visitors Center East,,(uncategorized),(uncategorized),false,0,Z,,
45245,Road Signs - Temamka - Palm Springs Visitors Center North,,(uncategorized),(uncategorized),false,0,Z,,
45514,Roadrunner,,(uncategorized),(uncategorized),false,0,Z,,
45553,Romance,,(uncategorized),(uncategorized),false,0,Z,,
60414,Rough Trade Leather & Gear,SHOPPING,Shopping,Retail & Services,false,0,Z,,
34240,Round Valley Loop,HIKING TRAILS,(unmapped: HIKING TRAILS),(unmapped),false,0,Z,,
33225,Route 62 Diner,EAT & DRINK,Dining,Dining,false,0,Z,,
33672,Route 66 Burger Hut,EAT & DRINK,Dining,Dining,false,0,Z,,
45513,Running Free,,(uncategorized),(uncategorized),false,0,Z,,
34823,Salon Internationale,,(uncategorized),(uncategorized),false,0,Z,,
26588,Salsas Restaurant,EAT & DRINK,Dining,Dining,false,0,Z,,
45539,Salvation Mountain,,(uncategorized),(uncategorized),false,0,Z,,
24905,Sam's Korean BBQ and Teriyaki Grill,EAT & DRINK,Dining,Dining,false,0,Z,,
33403,Sam's Market,EAT & DRINK,Dining,Dining,false,0,Z,,
32893,Sam's Sushi,EAT & DRINK,Dining,Dining,false,0,Z,,
16795,Sandpiper Springs Spa & Retreat,STAY,Lodging,Lodging,false,0,Z,,
35949,Santorini Gyro Greek Food & Grill,EAT & DRINK,Dining,Dining,false,0,Z,,
35958,Santorini Gyro Greek Food & Grill,EAT & DRINK,Dining,Dining,false,0,Z,,
47038,Sarbalé Ke,,(uncategorized),(uncategorized),false,0,Z,,
34223,Sawmill Kiln,HIKING TRAILS,(unmapped: HIKING TRAILS),(unmapped),false,0,Z,,
35965,Sazzy's Galleria,SHOPPING,Shopping,Retail & Services,false,0,Z,,
53643,Scott Donson Stylist,,(uncategorized),(uncategorized),false,0,Z,,
45449,Scroll Fence,,(uncategorized),(uncategorized),false,0,Z,,
45563,Sembremos Sueños y Cosechemos Esperanza,,(uncategorized),(uncategorized),false,0,Z,,
26508,Sensorium Event Productions,WEDDINGS,Weddings,Meetings & Events,false,0,Z,,
45534,Sequitur,,(uncategorized),(uncategorized),false,0,Z,,
45562,Shady Lane Mural,,(uncategorized),(uncategorized),false,0,Z,,
33408,Sierra Cocktail and Supper Club,EAT & DRINK,Dining,Dining,false,0,Z,,
45427,Simi Dabah Untitled I,,(uncategorized),(uncategorized),false,0,Z,,
45429,Simi Dabah Untitled II,,(uncategorized),(uncategorized),false,0,Z,,
45432,Simi Dabah Untitled III,,(uncategorized),(uncategorized),false,0,Z,,
45434,Simi Dabah Untitled IV,,(uncategorized),(uncategorized),false,0,Z,,
45414,Sky Haven Sculptures,,(uncategorized),(uncategorized),false,0,Z,,
34249,Skyline Trail to 4000 ft,HIKING TRAILS,(unmapped: HIKING TRAILS),(unmapped),false,0,Z,,
45512,Solitude 1,,(uncategorized),(uncategorized),false,0,Z,,
25150,Soul of Mexico,EAT & DRINK,Dining,Dining,false,0,Z,,
34253,South Lykken Trail,HIKING TRAILS,(unmapped: HIKING TRAILS),(unmapped),false,0,Z,,
24756,South of the Border,EAT & DRINK,Dining,Dining,false,0,Z,,
34270,South Ridge,HIKING TRAILS,(unmapped: HIKING TRAILS),(unmapped),false,0,Z,,
29453,Spaghetteria,EAT & DRINK,Dining,Dining,false,0,Z,,
45509,Spirit Guardian,,(uncategorized),(uncategorized),false,0,Z,,
45507,Spirit of La Quinta,,(uncategorized),(uncategorized),false,0,Z,,
34287,Spitler Peak,HIKING TRAILS,(unmapped: HIKING TRAILS),(unmapped),false,0,Z,,
45248,Squeeze,,(uncategorized),(uncategorized),false,0,Z,,
45502,Stagecoach,,(uncategorized),(uncategorized),false,0,Z,,
45500,Stan's Vision,,(uncategorized),(uncategorized),false,0,Z,,
45415,Stardust,,(uncategorized),(uncategorized),false,0,Z,,
45499,Stone to Stone,,(uncategorized),(uncategorized),false,0,Z,,
26135,Streetbar,EAT & DRINK,Dining,Dining,false,0,Z,,
34288,Suicide Rock,HIKING TRAILS,(unmapped: HIKING TRAILS),(unmapped),false,0,Z,,
45496,Sun and Moonbeam,,(uncategorized),(uncategorized),false,0,Z,,
25897,Sunny Dunes Antique Mall,SHOPPING,Shopping,Retail & Services,false,0,Z,,
24797,Sunnyland Chocolate Factory,SHOPPING,Shopping,Retail & Services,false,0,Z,,
45452,"Sunrise, Sunset",,(uncategorized),(uncategorized),false,0,Z,,
29455,Sunshine Cafe,EAT & DRINK,Dining,Dining,false,0,Z,,
54818,Super Taco Taqueria,EAT & DRINK,Dining,Dining,false,0,Z,,
33415,Sweet Blessings,EAT & DRINK,Dining,Dining,false,0,Z,,
48628,Swirly Girl,,(uncategorized),(uncategorized),false,0,Z,,
45490,Synergy,,(uncategorized),(uncategorized),false,0,Z,,
33416,T K Donuts & Chinese Express,EAT & DRINK,Dining,Dining,false,0,Z,,
45491,Taming the Wild West II,,(uncategorized),(uncategorized),false,0,Z,,
59278,Taqueria Allende 2,EAT & DRINK,Dining,Dining,false,0,Z,,
28811,Taqueria Allende,EAT & DRINK,Dining,Dining,false,0,Z,,
34266,Taqueria El Guero,EAT & DRINK,Dining,Dining,false,0,Z,,
34645,Tea Be Honest,EAT & DRINK,Dining,Dining,false,0,Z,,
52462,Tempur-Pedic El Paseo,SHOPPING,Shopping,Retail & Services,false,0,Z,,
33109,The Art Room,SHOPPING,Shopping,Retail & Services,false,0,Z,,
48704,The Back Porch BBQ & Soul Food,EAT & DRINK,Dining,Dining,false,0,Z,,
25679,The Best of the Best Tours,MEETING & EVENT RESOURCES,Meeting Resources,Meetings & Events,false,0,Z,,
33102,The Brown Bag,EAT & DRINK,Dining,Dining,false,0,Z,,
48973,The Citrus Club,WEDDINGS,Weddings,Meetings & Events,false,0,Z,,
35817,The Comfort Food Inn Food Truck,EAT & DRINK,Dining,Dining,false,0,Z,,
34241,The Cross Loop,HIKING TRAILS,(unmapped: HIKING TRAILS),(unmapped),false,0,Z,,
34284,The Cross,HIKING TRAILS,(unmapped: HIKING TRAILS),(unmapped),false,0,Z,,
45492,The Dreamer,,(uncategorized),(uncategorized),false,0,Z,,
56304,The Dusty Strings Collective,MEETING & EVENT RESOURCES,Meeting Resources,Meetings & Events,false,0,Z,,
37229,The Living Desert Adventure Loop,HIKING TRAILS,(unmapped: HIKING TRAILS),(unmapped),false,0,Z,,
37228,The Living Desert Discovery Loop,HIKING TRAILS,(unmapped: HIKING TRAILS),(unmapped),false,0,Z,,
34235,The Living Desert Wilderness Loop,HIKING TRAILS,(unmapped: HIKING TRAILS),(unmapped),false,0,Z,,
45305,The New Beginning,,(uncategorized),(uncategorized),false,0,Z,,
45493,The Peace Fountain,,(uncategorized),(uncategorized),false,0,Z,,
29421,The Pet Spaw,,(uncategorized),(uncategorized),false,0,Z,,
61000,The Place,SHOPPING,Shopping,Retail & Services,false,0,Z,,
32808,The Pond Estate,WEDDINGS,Weddings,Meetings & Events,false,0,Z,,
45495,The Roadrunner,,(uncategorized),(uncategorized),false,0,Z,,
45497,The Rose Garden Community Walk,,(uncategorized),(uncategorized),false,0,Z,,
45498,The Seed,,(uncategorized),(uncategorized),false,0,Z,,
48634,The Seeker,,(uncategorized),(uncategorized),false,0,Z,,
59481,The Social Café & Play Lounge,EAT & DRINK,Dining,Dining,false,0,Z,,
58643,The Syndicate,BUSINESS & PROFESSIONAL SERVICES,Professional Services,Retail & Services,false,0,Z,,
33437,The Village Grind,EAT & DRINK,Dining,Dining,false,0,Z,,
33438,The Virginian Bar,EAT & DRINK,Dining,Dining,false,0,Z,,
62130,The White Lizard,EAT & DRINK,Dining,Dining,false,0,Z,,
47615,Through,,(uncategorized),(uncategorized),false,0,Z,,
45306,Thunderbolt,,(uncategorized),(uncategorized),false,0,Z,,
45307,Tic Toc,,(uncategorized),(uncategorized),false,0,Z,,
34892,Tiffany Tailoring,SHOPPING,Shopping,Retail & Services,false,0,Z,,
45494,Time Stream II,,(uncategorized),(uncategorized),false,0,Z,,
48618,Timepiece,,(uncategorized),(uncategorized),false,0,Z,,
45308,Tiron IV,,(uncategorized),(uncategorized),false,0,Z,,
34264,TK Thai & Vietnamese Food,EAT & DRINK,Dining,Dining,false,0,Z,,
45458,To the Lakes on Jupiter,,(uncategorized),(uncategorized),false,0,Z,,
45501,Today,,(uncategorized),(uncategorized),false,0,Z,,
54932,Tops n Tees,SHOPPING,Shopping,Retail & Services,false,0,Z,,
47620,TOT,,(uncategorized),(uncategorized),false,0,Z,,
45249,Totem Pole,,(uncategorized),(uncategorized),false,0,Z,,
24829,Town Center Cafe,EAT & DRINK,Dining,Dining,false,0,Z,,
47616,Tranquil,,(uncategorized),(uncategorized),false,0,Z,,
48620,Treble Clef Pirouette,,(uncategorized),(uncategorized),false,0,Z,,
29478,Trenz Gallery,ARTS & CULTURE,Arts & Culture,Experiences,false,0,Z,,
32879,Tropical Ice Cream Fruit,EAT & DRINK,Dining,Dining,false,0,Z,,
16839,Tropics Motor Hotel,STAY,Lodging,Lodging,false,0,Z,,
56314,Tru Self Care Boutique,SHOPPING,Shopping,Retail & Services,false,0,Z,,
45453,True Blue,,(uncategorized),(uncategorized),false,0,Z,,
29458,Tryst Bar & Lounge,EAT & DRINK,Dining,Dining,false,0,Z,,
34772,Tuverson & Company,SHOPPING,Shopping,Retail & Services,false,0,Z,,
45503,Two Moons,,(uncategorized),(uncategorized),false,0,Z,,
45250,Unity Mural,,(uncategorized),(uncategorized),false,0,Z,,
45251,Unity through Healthcare,,(uncategorized),(uncategorized),false,0,Z,,
29292,University Dog Park,,(uncategorized),(uncategorized),false,0,Z,,
45505,"Untitled, 2018",,(uncategorized),(uncategorized),false,0,Z,,
45310,Untitled I,,(uncategorized),(uncategorized),false,0,Z,,
45311,Untitled II,,(uncategorized),(uncategorized),false,0,Z,,
45424,Untitled Roger Hopkins Sculptures,,(uncategorized),(uncategorized),false,0,Z,,
45504,Untitled,,(uncategorized),(uncategorized),false,0,Z,,
45420,Urban Desert Palms 1,,(uncategorized),(uncategorized),false,0,Z,,
45423,Urban Desert Palms 2,,(uncategorized),(uncategorized),false,0,Z,,
56204,Urban Donkey,SHOPPING,Shopping,Retail & Services,false,0,Z,,
45506,Urban Tree,,(uncategorized),(uncategorized),false,0,Z,,
55892,Variety - the Children's Charity of the Desert,RELOCATION & RESOURCES,Relocation,Retail & Services,false,0,Z,,
45313,Vasquez and Gibson Memorial,,(uncategorized),(uncategorized),false,0,Z,,
56202,Victoria's Cafe,EAT & DRINK,Dining,Dining,false,0,Z,,
58642,Villa de Martini,ARTS & CULTURE,Arts & Culture,Experiences,false,0,Z,,
35980,Village Green Heritage Center,ARTS & CULTURE,Arts & Culture,Experiences,false,0,Z,,
45560,Vineyard Harvest,,(uncategorized),(uncategorized),false,0,Z,,
45559,Visit Us in the Shape of Clouds,,(uncategorized),(uncategorized),false,0,Z,,
61131,Vivid Lizard Locations and Film Services,FILM PRODUCTION SERVICES,(unmapped: FILM PRODUCTION SERVICES),(unmapped),false,0,Z,,
45448,Volta,,(uncategorized),(uncategorized),false,0,Z,,
48631,Vortex 7,,(uncategorized),(uncategorized),false,0,Z,,
45445,Walk Through Arc,,(uncategorized),(uncategorized),false,0,Z,,
45508,Walking Man,,(uncategorized),(uncategorized),false,0,Z,,
45252,Wave Rhythms,,(uncategorized),(uncategorized),false,0,Z,,
34783,Wayne's Collection,SHOPPING,Shopping,Retail & Services,false,0,Z,,
45511,We Can Do This,,(uncategorized),(uncategorized),false,0,Z,,
45316,What Lifts You Up,,(uncategorized),(uncategorized),false,0,Z,,
47585,What Lifts You Up,,(uncategorized),(uncategorized),false,0,Z,,
45318,Wheel of Time,,(uncategorized),(uncategorized),false,0,Z,,
45442,Wilderness Totem,,(uncategorized),(uncategorized),false,0,Z,,
35658,Windmill Market,SHOPPING,Shopping,Retail & Services,false,0,Z,,
33460,Wine & Roses Lounge,EAT & DRINK,Dining,Dining,false,0,Z,,
45253,Woman in Glasses,,(uncategorized),(uncategorized),false,0,Z,,
57944,Wonder.,EAT & DRINK,Dining,Dining,false,0,Z,,
45254,WOW,,(uncategorized),(uncategorized),false,0,Z,,
33677,Wrightwood Vintage Antiques and Oddities,THINGS TO DO,Activities,Experiences,false,0,Z,,
56311,Wyldsky Entertainmenr,MEETING & EVENT RESOURCES,Meeting Resources,Meetings & Events,false,0,Z,,
45222,"""X"" Marks the Spot",,(uncategorized),(uncategorized),false,0,Z,,
35001,XO Health,,(uncategorized),(uncategorized),false,0,Z,,
45535,Yard Dog,,(uncategorized),(uncategorized),false,0,Z,,
45319,Yellow,,(uncategorized),(uncategorized),false,0,Z,,
24883,Yogurt Island,EAT & DRINK,Dining,Dining,false,0,Z,,
29426,You Dirty Dog,,(uncategorized),(uncategorized),false,0,Z,,
28294,Zblondz,WEDDINGS,Weddings,Meetings & Events,false,0,Z,,
